,"Specific conductance, water, unfiltered, microsiemens per centimeter at 25 degrees Celsius (Maximum)","pH, water, unfiltered, field, standard units (Maximum)","pH, water, unfiltered, field, standard units (Minimum)","Specific conductance, water, unfiltered, microsiemens per centimeter at 25 degrees Celsius (Minimum)","Specific conductance, water, unfiltered, microsiemens per centimeter at 25 degrees Celsius (Mean)","Dissolved oxygen, water, unfiltered, milligrams per liter (Maximum)","Dissolved oxygen, water, unfiltered, milligrams per liter (Mean)","Dissolved oxygen, water, unfiltered, milligrams per liter (Minimum)","Temperature, water, degrees Celsius (Mean)","Temperature, water, degrees Celsius (Minimum)","Temperature, water, degrees Celsius (Maximum)",Water Quality
count,705.0,705.0,705.0,705.0,705.0,705.0,705.0,705.0,705.0,705.0,705.0,705.0
mean,0.002447873031672957,0.8871613020549192,0.002157839735819086,0.002301806294326241,0.5934397163120567,0.8571008476042207,0.6297657425317,0.6063773943150723,0.556054964539007,0.5304464448081471,0.5596321952828633,0.6656553716837404
min,0.0014230019493177387,0.6410256410256411,0.0007662082514734775,0.00119140625,0.4013157894736842,0.7560975609756099,0.393939393939394,0.2519685039370079,0.0875,0.05448717948717949,0.11046511627906977,0.6018518518518519
25%,0.002202729044834308,0.8717948717948718,0.0018271119842829078,0.00203125,0.5197368421052632,0.8414634146341464,0.5378787878787878,0.5118110236220472,0.384375,0.3557692307692308,0.3953488372093023,0.6481481481481481
50%,0.002475633528265107,0.8846153846153847,0.0022789783889980353,0.00236328125,0.5723684210526315,0.853658536585366,0.5984848484848485,0.5748031496062992,0.584375,0.5544871794871795,0.5843023255813954,0.6666666666666666
75%,0.0026705653021442495,0.9102564102564102,0.0025343811394891945,0.002578125,0.6710526315789473,0.878048780487805,0.7121212121212122,0.7007874015748032,0.7375,0.7211538461538461,0.7325581395348837,0.6759259259259258
max,0.004775828460038986,0.9487179487179488,0.003575638506876228,0.0041015625,0.8750000000000001,0.9146341463414634,0.9772727272727274,0.952755905511811,0.853125,0.8365384615384616,0.8633720930232558,0.7407407407407407
std,0.000410854599461893,0.035665271313459,0.0005295951514810664,0.0004219215047334081,0.09574084242848442,0.028156532465109317,0.11235258756662832,0.12210601464441895,0.20031475109135816,0.20496951813058675,0.19085455461835305,0.021750162841475938
