,"Specific conductance, water, unfiltered, microsiemens per centimeter at 25 degrees Celsius (Maximum)","pH, water, unfiltered, field, standard units (Maximum)","pH, water, unfiltered, field, standard units (Minimum)","Specific conductance, water, unfiltered, microsiemens per centimeter at 25 degrees Celsius (Minimum)","Specific conductance, water, unfiltered, microsiemens per centimeter at 25 degrees Celsius (Mean)","Dissolved oxygen, water, unfiltered, milligrams per liter (Maximum)","Dissolved oxygen, water, unfiltered, milligrams per liter (Mean)","Dissolved oxygen, water, unfiltered, milligrams per liter (Minimum)","Temperature, water, degrees Celsius (Mean)","Temperature, water, degrees Celsius (Minimum)","Temperature, water, degrees Celsius (Maximum)",Water Quality
count,705.0,705.0,705.0,705.0,705.0,705.0,705.0,705.0,705.0,705.0,705.0,705.0
mean,0.11805795418412067,0.8615202764138935,0.008967130655296857,0.02805845523049645,0.44776969018290413,0.8342674277806609,0.4780786589297228,0.4158038755793823,0.6691400709219858,0.6659483542462266,0.6435345538512288,0.6527580772261622
min,0.0013255360623781677,0.7692307692307693,0.0011787819253438114,0.00123046875,0.23026315789473686,0.7560975609756099,0.23484848484848486,0.14960629921259844,0.253125,0.2371794871794872,0.2558139534883721,0.5925925925925926
25%,0.054385964912280704,0.8461538461538461,0.002612966601178782,0.010234375,0.3552631578947369,0.8170731707317074,0.36363636363636365,0.2755905511811024,0.4875,0.483974358974359,0.47093023255813954,0.6388888888888888
50%,0.11676413255360624,0.858974358974359,0.004479371316306483,0.02421875,0.45394736842105265,0.8292682926829269,0.4848484848484849,0.3937007874015748,0.690625,0.6923076923076924,0.6656976744186046,0.6481481481481481
75%,0.1750487329434698,0.8846153846153847,0.009076620825147349,0.03984375,0.5394736842105263,0.853658536585366,0.5833333333333334,0.5433070866141733,0.840625,0.842948717948718,0.8023255813953489,0.6666666666666666
max,0.47368421052631576,0.9487179487179488,0.06895874263261297,0.181640625,0.6973684210526316,0.9146341463414634,0.787878787878788,0.8031496062992126,0.959375,0.967948717948718,0.9156976744186047,0.7222222222222222
std,0.07698899774956433,0.033175922219988475,0.011404717543113545,0.02306457582935886,0.10770554284459304,0.030895727567495236,0.1302240696966582,0.1535048053139228,0.19294980784099178,0.19762842101293188,0.17922070053202674,0.02324329878187786
