,"Specific conductance, water, unfiltered, microsiemens per centimeter at 25 degrees Celsius (Maximum)","pH, water, unfiltered, field, standard units (Maximum)","pH, water, unfiltered, field, standard units (Minimum)","Specific conductance, water, unfiltered, microsiemens per centimeter at 25 degrees Celsius (Minimum)","Specific conductance, water, unfiltered, microsiemens per centimeter at 25 degrees Celsius (Mean)","Dissolved oxygen, water, unfiltered, milligrams per liter (Maximum)","Dissolved oxygen, water, unfiltered, milligrams per liter (Mean)","Dissolved oxygen, water, unfiltered, milligrams per liter (Minimum)","Temperature, water, degrees Celsius (Mean)","Temperature, water, degrees Celsius (Minimum)","Temperature, water, degrees Celsius (Maximum)",Water Quality
count,705.0,705.0,705.0,705.0,705.0,705.0,705.0,705.0,705.0,705.0,705.0,705.0
mean,0.32627406577910495,0.8897072194944536,0.06651732642227146,0.18713782690602837,0.41534154535274365,0.8668223490745548,0.37429615301955727,0.32110347908639086,0.6776861702127659,0.6811965811965812,0.6424830941777998,0.6754531126871551
min,0.0017933723196881092,0.8076923076923077,0.001237721021611002,0.00142578125,0.20394736842105265,0.7926829268292683,0.11363636363636365,0.03149606299212599,0.259375,0.25961538461538464,0.25,0.6203703703703703
25%,0.2475633528265107,0.8717948717948718,0.022593320235756387,0.112890625,0.3157894736842105,0.853658536585366,0.2272727272727273,0.15748031496062992,0.5,0.4967948717948718,0.4767441860465116,0.6574074074074073
50%,0.3489278752436647,0.8846153846153847,0.05579567779960707,0.197265625,0.4013157894736842,0.8658536585365854,0.34848484848484845,0.2992125984251969,0.70625,0.7051282051282052,0.6715116279069768,0.6759259259259258
75%,0.41130604288499023,0.9102564102564102,0.09449901768172889,0.255859375,0.5065789473684211,0.8902439024390244,0.5075757575757576,0.4724409448818898,0.85625,0.8653846153846154,0.808139534883721,0.6944444444444444
max,0.7037037037037037,0.9743589743589743,0.30648330058939094,0.443359375,0.7105263157894738,0.951219512195122,0.8030303030303031,0.7952755905511811,0.95625,0.9711538461538461,0.8982558139534884,0.7314814814814815
std,0.13113156458330535,0.02881697860195596,0.05559175360502489,0.09788380214982154,0.11282417715881528,0.02933502334939748,0.16121918321377024,0.1808022965567409,0.19366116893300886,0.19978773361465135,0.1794676892085101,0.02226361825371397
