,"Specific conductance, water, unfiltered, microsiemens per centimeter at 25 degrees Celsius (Maximum)","pH, water, unfiltered, field, standard units (Maximum)","pH, water, unfiltered, field, standard units (Minimum)","Specific conductance, water, unfiltered, microsiemens per centimeter at 25 degrees Celsius (Minimum)","Specific conductance, water, unfiltered, microsiemens per centimeter at 25 degrees Celsius (Mean)","Dissolved oxygen, water, unfiltered, milligrams per liter (Maximum)","Dissolved oxygen, water, unfiltered, milligrams per liter (Mean)","Dissolved oxygen, water, unfiltered, milligrams per liter (Minimum)","Temperature, water, degrees Celsius (Mean)","Temperature, water, degrees Celsius (Minimum)","Temperature, water, degrees Celsius (Maximum)",Water Quality
count,705.0,705.0,705.0,705.0,705.0,705.0,705.0,705.0,705.0,705.0,705.0,705.0
mean,0.0019097783860755118,0.8633206037461356,0.0016484554612715796,0.0017856826241134753,0.560227696901829,0.8313094620307906,0.5935418009886095,0.569218741274362,0.538386524822695,0.5107928714311694,0.5452581230413986,0.6405306015235093
min,0.0009941520467836257,0.7307692307692308,0.0003732809430255403,0.00078125,0.125,0.7439024390243902,0.07575757575757576,0.03937007874015748,0.075,0.038461538461538464,0.09883720930232558,0.5833333333333333
25%,0.0017933723196881092,0.8461538461538461,0.0014341846758349705,0.00166015625,0.48026315789473684,0.8048780487804879,0.5075757575757576,0.4881889763779528,0.38125,0.3493589743589744,0.40116279069767447,0.6203703703703703
50%,0.0019103313840155946,0.858974358974359,0.0018271119842829078,0.00185546875,0.5328947368421053,0.8292682926829269,0.5757575757575758,0.5590551181102362,0.559375,0.5352564102564102,0.5697674418604651,0.6481481481481481
75%,0.00202729044834308,0.8846153846153847,0.0019449901768172888,0.00197265625,0.6578947368421053,0.853658536585366,0.6969696969696969,0.6692913385826772,0.709375,0.6891025641025641,0.6976744186046512,0.6574074074074073
max,0.007368421052631579,0.9102564102564102,0.0024950884086444008,0.0027734375,0.8947368421052632,0.878048780487805,1.0,1.0,0.821875,0.8141025641025641,0.8197674418604651,0.7037037037037036
std,0.0003688643932539982,0.02843028255788297,0.00043311961734116163,0.00030793099997800544,0.12569211649416964,0.024598308960267438,0.14810256479017686,0.15837684086958478,0.1865117802019464,0.1935646118060903,0.17439599268298767,0.019945900112480125
