,"Specific conductance, water, unfiltered, microsiemens per centimeter at 25 degrees Celsius (Maximum)","pH, water, unfiltered, field, standard units (Maximum)","pH, water, unfiltered, field, standard units (Minimum)","Specific conductance, water, unfiltered, microsiemens per centimeter at 25 degrees Celsius (Minimum)","Specific conductance, water, unfiltered, microsiemens per centimeter at 25 degrees Celsius (Mean)","Dissolved oxygen, water, unfiltered, milligrams per liter (Maximum)","Dissolved oxygen, water, unfiltered, milligrams per liter (Mean)","Dissolved oxygen, water, unfiltered, milligrams per liter (Minimum)","Temperature, water, degrees Celsius (Mean)","Temperature, water, degrees Celsius (Minimum)","Temperature, water, degrees Celsius (Maximum)",Water Quality
count,705.0,705.0,705.0,705.0,705.0,705.0,705.0,705.0,705.0,705.0,705.0,705.0
mean,0.1568381513278863,0.8711038370612839,0.01831534506541822,0.07115483710106382,0.4544326241134752,0.8438505448884277,0.47770255748979157,0.4484614955045512,0.6748492907801419,0.6725541007455902,0.6482764308098301,0.6548857368006303
min,0.0015009746588693956,0.782051282051282,0.0012180746561886052,0.00134765625,0.23026315789473686,0.7682926829268293,0.2272727272727273,0.13385826771653545,0.25625,0.2371794871794872,0.2558139534883721,0.611111111111111
25%,0.08440545808966862,0.858974358974359,0.005776031434184676,0.0333984375,0.3618421052631579,0.8292682926829269,0.36363636363636365,0.3228346456692913,0.49375,0.48717948717948717,0.47383720930232565,0.6388888888888888
50%,0.1516569200779727,0.8717948717948718,0.011591355599214145,0.0658203125,0.46052631578947373,0.8414634146341464,0.4696969696969697,0.4330708661417323,0.7,0.6955128205128205,0.6744186046511628,0.6481481481481481
75%,0.22417153996101363,0.8974358974358975,0.025343811394891946,0.0974609375,0.5460526315789475,0.8658536585365854,0.5833333333333334,0.5748031496062992,0.846875,0.8493589743589743,0.813953488372093,0.6666666666666666
max,0.4873294346978557,0.9230769230769231,0.16031434184675836,0.271484375,0.6907894736842105,0.9146341463414634,0.787878787878788,0.7952755905511811,0.959375,0.967948717948718,0.9273255813953488,0.7314814814814815
std,0.09135306652819955,0.02674607328943804,0.01824457187934425,0.04843538765488365,0.11114569668090603,0.023957616956877956,0.13422142795399244,0.14924340108050532,0.1949949962012625,0.19943240782692911,0.18313189776712274,0.019485332335709392
