,"Specific conductance, water, unfiltered, microsiemens per centimeter at 25 degrees Celsius (Maximum)","pH, water, unfiltered, field, standard units (Maximum)","pH, water, unfiltered, field, standard units (Minimum)","Specific conductance, water, unfiltered, microsiemens per centimeter at 25 degrees Celsius (Minimum)","Specific conductance, water, unfiltered, microsiemens per centimeter at 25 degrees Celsius (Mean)","Dissolved oxygen, water, unfiltered, milligrams per liter (Maximum)","Dissolved oxygen, water, unfiltered, milligrams per liter (Mean)","Dissolved oxygen, water, unfiltered, milligrams per liter (Minimum)","Temperature, water, degrees Celsius (Mean)","Temperature, water, degrees Celsius (Minimum)","Temperature, water, degrees Celsius (Maximum)",Water Quality
count,705.0,705.0,705.0,705.0,705.0,705.0,705.0,705.0,705.0,705.0,705.0,705.0
mean,0.2526549431103369,0.8808146935806512,0.002629909849656537,0.09027097185283689,0.4950074654721911,0.8545926310326933,0.4568772834730282,0.3044284358072263,0.672025709219858,0.6735497363156938,0.6415058551872013,0.6669162069871288
min,0.0011111111111111111,0.7692307692307693,0.0010609037328094303,0.00109375,0.3355263157894737,0.7560975609756099,0.24242424242424246,0.03149606299212599,0.25625,0.25,0.25872093023255816,0.611111111111111
25%,0.16647173489278752,0.8717948717948718,0.0018074656188605109,0.0388671875,0.4210526315789474,0.8292682926829269,0.33333333333333337,0.12598425196850396,0.49375,0.48717948717948717,0.4767441860465116,0.6481481481481481
50%,0.26900584795321636,0.8846153846153847,0.0022986247544204324,0.087890625,0.48684210526315796,0.853658536585366,0.4318181818181819,0.25984251968503935,0.696875,0.6955128205128205,0.6656976744186046,0.6666666666666666
75%,0.34307992202729043,0.8974358974358975,0.002966601178781925,0.13125,0.5723684210526315,0.878048780487805,0.5757575757575758,0.46456692913385833,0.846875,0.8557692307692307,0.8023255813953489,0.6851851851851851
max,0.7134502923976608,0.9358974358974359,0.015324165029469547,0.365234375,0.7171052631578948,0.926829268292683,0.8106060606060606,0.8267716535433072,0.946875,0.967948717948718,0.8953488372093024,0.7407407407407407
std,0.13592985478560696,0.029506497100551057,0.001443245565981392,0.06204413472039987,0.08711849516558809,0.029328944994651454,0.13571229671027146,0.19427077986930372,0.1937943970151926,0.19969587410751422,0.17845783972995863,0.02519005481762498
