,"Specific conductance, water, unfiltered, microsiemens per centimeter at 25 degrees Celsius (Maximum)","pH, water, unfiltered, field, standard units (Maximum)","pH, water, unfiltered, field, standard units (Minimum)","Specific conductance, water, unfiltered, microsiemens per centimeter at 25 degrees Celsius (Minimum)","Specific conductance, water, unfiltered, microsiemens per centimeter at 25 degrees Celsius (Mean)","Dissolved oxygen, water, unfiltered, milligrams per liter (Maximum)","Dissolved oxygen, water, unfiltered, milligrams per liter (Mean)","Dissolved oxygen, water, unfiltered, milligrams per liter (Minimum)","Temperature, water, degrees Celsius (Mean)","Temperature, water, degrees Celsius (Minimum)","Temperature, water, degrees Celsius (Maximum)",Water Quality
count,705.0,705.0,705.0,705.0,705.0,705.0,705.0,705.0,705.0,705.0,705.0,705.0
mean,0.002813266420582583,0.9068557919621751,0.002355334475887918,0.0025852171985815604,0.5712206047032475,0.8741221241999654,0.6168063614872126,0.6027922041659686,0.5633111702127659,0.5413757046735771,0.56403595579746,0.6736143945363803
min,0.0010331384015594542,0.7948717948717949,0.0004911591355599214,0.000859375,0.37500000000000006,0.7926829268292683,0.3787878787878788,0.2992125984251969,0.084375,0.060897435897435896,0.10465116279069768,0.6203703703703703
25%,0.002456140350877193,0.8974358974358975,0.001787819253438114,0.0021875,0.48684210526315796,0.8658536585365854,0.5227272727272728,0.5039370078740159,0.39375,0.3685897435897436,0.4069767441860465,0.6666666666666666
50%,0.0028460038986354774,0.9102564102564102,0.002554027504911591,0.00267578125,0.5460526315789475,0.878048780487805,0.5757575757575758,0.5669291338582677,0.5875,0.5673076923076923,0.5901162790697675,0.6759259259259258
75%,0.0030994152046783627,0.9230769230769231,0.0029469548133595285,0.0030078125,0.6513157894736843,0.8902439024390244,0.7121212121212122,0.7007874015748032,0.746875,0.7307692307692308,0.7325581395348837,0.6851851851851851
max,0.010799220272904484,0.9487179487179488,0.0039882121807465615,0.00701171875,0.8421052631578948,0.9146341463414634,0.9545454545454546,0.9606299212598425,0.85625,0.8397435897435898,0.8546511627906976,0.7499999999999999
std,0.0007208274455569877,0.03058031379773913,0.0007428671854643599,0.0006277479282763709,0.0988508923108576,0.02177220724157224,0.11943071302503741,0.12999653043899978,0.1993670591096713,0.20419419673345443,0.18861049662320484,0.016531314209482856
