,"Specific conductance, water, unfiltered, microsiemens per centimeter at 25 degrees Celsius (Maximum)","pH, water, unfiltered, field, standard units (Maximum)","pH, water, unfiltered, field, standard units (Minimum)","Specific conductance, water, unfiltered, microsiemens per centimeter at 25 degrees Celsius (Minimum)","Specific conductance, water, unfiltered, microsiemens per centimeter at 25 degrees Celsius (Mean)","Dissolved oxygen, water, unfiltered, milligrams per liter (Maximum)","Dissolved oxygen, water, unfiltered, milligrams per liter (Mean)","Dissolved oxygen, water, unfiltered, milligrams per liter (Minimum)","Temperature, water, degrees Celsius (Mean)","Temperature, water, degrees Celsius (Minimum)","Temperature, water, degrees Celsius (Maximum)",Water Quality
count,705.0,705.0,705.0,705.0,705.0,705.0,705.0,705.0,705.0,705.0,705.0,705.0
mean,0.002199051608532758,0.8740134569921806,0.0018897016817846146,0.0020386192375886525,0.5818122433743935,0.841965057948452,0.6445519019987105,0.6398056625900486,0.5326462765957447,0.502795962902346,0.537902028698664,0.6491857105332283
min,0.0012865497076023392,0.7564102564102565,0.0004518664047151277,0.00099609375,0.45394736842105265,0.7682926829268293,0.5,0.25984251968503935,0.09375,0.04487179487179487,0.11627906976744186,0.5925925925925926
25%,0.0020467836257309943,0.858974358974359,0.0017092337917485264,0.00193359375,0.5065789473684211,0.8292682926829269,0.5606060606060607,0.5590551181102362,0.384375,0.3461538461538462,0.39825581395348836,0.6388888888888888
50%,0.0021832358674463937,0.8717948717948718,0.0020628683693516697,0.00208984375,0.5657894736842105,0.8414634146341464,0.6212121212121212,0.6141732283464567,0.553125,0.5192307692307693,0.5581395348837209,0.6481481481481481
75%,0.002300194931773879,0.8974358974358975,0.002220039292730845,0.00224609375,0.6447368421052633,0.8658536585365854,0.7121212121212122,0.7086614173228347,0.69375,0.6794871794871795,0.6802325581395349,0.6574074074074073
max,0.014522417153996102,0.9230769230769231,0.0028094302554027505,0.00435546875,0.8157894736842106,0.878048780487805,0.9166666666666667,0.9133858267716536,0.790625,0.7852564102564102,0.8023255813953489,0.8518518518518517
std,0.0006025280783940382,0.03037151274773625,0.0004602687028789714,0.00031000846561725907,0.08354716910923667,0.02333592525927545,0.09265462545154751,0.09619248330550048,0.177786239596447,0.18651951236751896,0.16499726663908446,0.01724550283874258
