,"Specific conductance, water, unfiltered, microsiemens per centimeter at 25 degrees Celsius (Maximum)","pH, water, unfiltered, field, standard units (Maximum)","pH, water, unfiltered, field, standard units (Minimum)","Specific conductance, water, unfiltered, microsiemens per centimeter at 25 degrees Celsius (Minimum)","Specific conductance, water, unfiltered, microsiemens per centimeter at 25 degrees Celsius (Mean)","Dissolved oxygen, water, unfiltered, milligrams per liter (Maximum)","Dissolved oxygen, water, unfiltered, milligrams per liter (Mean)","Dissolved oxygen, water, unfiltered, milligrams per liter (Minimum)","Temperature, water, degrees Celsius (Mean)","Temperature, water, degrees Celsius (Minimum)","Temperature, water, degrees Celsius (Maximum)",Water Quality
count,705.0,705.0,705.0,705.0,705.0,705.0,705.0,705.0,705.0,705.0,705.0,705.0
mean,0.002255706247494228,0.8752500454628116,0.0020485725034485643,0.0021740636081560285,0.5773609555804404,0.8396471198754542,0.6343111970771546,0.6264477578600547,0.5245212765957447,0.5046008365157302,0.5195447798119743,0.6440504334121355
min,0.0013645224171539962,0.7564102564102565,0.00025540275049115913,0.00091796875,0.46052631578947373,0.7804878048780489,0.5075757575757576,0.40944881889763785,0.115625,0.08974358974358974,0.12790697674418605,0.5925925925925926
25%,0.0021832358674463937,0.858974358974359,0.0019842829076620826,0.002109375,0.5065789473684211,0.8292682926829269,0.5530303030303031,0.5511811023622047,0.3875,0.358974358974359,0.3924418604651163,0.6388888888888888
50%,0.0022612085769980507,0.8717948717948718,0.002180746561886051,0.00220703125,0.5526315789473685,0.8414634146341464,0.6060606060606061,0.5984251968503937,0.546875,0.5256410256410257,0.5406976744186047,0.6481481481481481
75%,0.002319688109161793,0.8846153846153847,0.0022593320235756386,0.00228515625,0.638157894736842,0.853658536585366,0.6969696969696969,0.6929133858267718,0.675,0.6698717948717948,0.6540697674418605,0.6481481481481481
max,0.0038596491228070177,0.9102564102564102,0.002888015717092338,0.00291015625,0.8092105263157896,0.8658536585365854,0.9090909090909092,0.9133858267716536,0.778125,0.7756410256410257,0.7645348837209303,0.6759259259259258
std,0.0001726112520733993,0.02017168308719639,0.0003942824341090666,0.00020290441141896173,0.08383429302843277,0.015568615493359899,0.09273679516924717,0.09559634082531884,0.16629348635954538,0.17567147789500773,0.1512234092665325,0.012307978657329006
