,"Specific conductance, water, unfiltered, microsiemens per centimeter at 25 degrees Celsius (Maximum)","pH, water, unfiltered, field, standard units (Maximum)","pH, water, unfiltered, field, standard units (Minimum)","Specific conductance, water, unfiltered, microsiemens per centimeter at 25 degrees Celsius (Minimum)","Specific conductance, water, unfiltered, microsiemens per centimeter at 25 degrees Celsius (Mean)","Dissolved oxygen, water, unfiltered, milligrams per liter (Maximum)","Dissolved oxygen, water, unfiltered, milligrams per liter (Mean)","Dissolved oxygen, water, unfiltered, milligrams per liter (Minimum)","Temperature, water, degrees Celsius (Mean)","Temperature, water, degrees Celsius (Minimum)","Temperature, water, degrees Celsius (Maximum)",Water Quality
count,705.0,705.0,705.0,705.0,705.0,705.0,705.0,705.0,705.0,705.0,705.0,705.0
mean,0.002590850649081332,0.9025459174395347,0.0022009781381933705,0.0023989915780141848,0.6103490108249346,0.8696765265524996,0.6474854932301741,0.6286368459261742,0.5508421985815602,0.5215902891434807,0.5594095332343725,0.6741134751773049
min,0.0012280701754385965,0.7307692307692308,0.0004911591355599214,0.00091796875,0.4473684210526316,0.8048780487804879,0.4696969696969697,0.42519685039370086,0.08125,0.04807692307692308,0.09883720930232558,0.611111111111111
25%,0.0023391812865497076,0.8846153846153847,0.0017485265225933202,0.00208984375,0.5394736842105263,0.853658536585366,0.5606060606060607,0.5354330708661418,0.384375,0.358974358974359,0.40116279069767447,0.6666666666666666
50%,0.002631578947368421,0.9102564102564102,0.0024165029469548132,0.00251953125,0.5921052631578948,0.8658536585365854,0.6136363636363636,0.5905511811023623,0.575,0.5448717948717949,0.5813953488372093,0.6759259259259258
75%,0.002807017543859649,0.9230769230769231,0.002691552062868369,0.00271484375,0.6776315789473685,0.878048780487805,0.7272727272727273,0.7165354330708662,0.728125,0.7051282051282052,0.7238372093023255,0.6851851851851851
max,0.009239766081871345,0.9615384615384616,0.003575638506876228,0.0048828125,0.8552631578947368,0.926829268292683,0.9621212121212122,0.9685039370078741,0.840625,0.8141025641025641,0.8633720930232558,0.7407407407407407
std,0.0005272407028398539,0.026941968850974926,0.0006712043225055338,0.0005185143890548556,0.09105384209275406,0.021121180538128604,0.10818821519065253,0.1159703251541099,0.1922956923876752,0.1969192204419962,0.18515029252320597,0.018316804509532054
