,"Specific conductance, water, unfiltered, microsiemens per centimeter at 25 degrees Celsius (Maximum)","pH, water, unfiltered, field, standard units (Maximum)","pH, water, unfiltered, field, standard units (Minimum)","Specific conductance, water, unfiltered, microsiemens per centimeter at 25 degrees Celsius (Minimum)","Specific conductance, water, unfiltered, microsiemens per centimeter at 25 degrees Celsius (Mean)","Dissolved oxygen, water, unfiltered, milligrams per liter (Maximum)","Dissolved oxygen, water, unfiltered, milligrams per liter (Mean)","Dissolved oxygen, water, unfiltered, milligrams per liter (Minimum)","Temperature, water, degrees Celsius (Mean)","Temperature, water, degrees Celsius (Minimum)","Temperature, water, degrees Celsius (Maximum)",Water Quality
count,705.0,705.0,705.0,705.0,705.0,705.0,705.0,705.0,705.0,705.0,705.0,705.0
mean,0.3696290766316895,0.8917803236952174,0.08248441527679082,0.22497916666666665,0.43457446808510647,0.8775644352188203,0.4391038039974211,0.39316468420170886,0.681688829787234,0.6772731405710128,0.6565479135741382,0.6877987916995009
min,0.04249512670565302,0.8333333333333334,0.0014734774066797642,0.0083984375,0.2105263157894737,0.8170731707317074,0.1893939393939394,0.11023622047244094,0.2625,0.2371794871794872,0.26453488372093026,0.6296296296296295
25%,0.3060428849902534,0.8717948717948718,0.03398821218074656,0.173046875,0.32894736842105265,0.853658536585366,0.3106060606060606,0.2440944881889764,0.5,0.4903846153846154,0.48546511627906974,0.6759259259259258
50%,0.38596491228070173,0.8846153846153847,0.08035363457760314,0.228515625,0.4276315789473684,0.8658536585365854,0.42424242424242425,0.3700787401574803,0.71875,0.7083333333333334,0.688953488372093,0.6851851851851851
75%,0.44834307992202727,0.9102564102564102,0.12318271119842829,0.287109375,0.5328947368421053,0.902439024390244,0.5606060606060607,0.5275590551181103,0.859375,0.8621794871794871,0.8197674418604651,0.7037037037037036
max,0.6471734892787524,0.9615384615384616,0.2475442043222004,0.41796875,0.6907894736842105,0.951219512195122,0.7727272727272727,0.7874015748031497,0.9625,0.9743589743589743,0.9215116279069767,0.7314814814814815
std,0.10794960238037023,0.026385105767109673,0.05481060835678936,0.08415540949560324,0.1170893760877763,0.028096670317600943,0.1440424266606785,0.16346416326585636,0.19441780510171278,0.20070507194916476,0.18095620647752136,0.020671451734461346
