,"Specific conductance, water, unfiltered, microsiemens per centimeter at 25 degrees Celsius (Maximum)","pH, water, unfiltered, field, standard units (Maximum)","pH, water, unfiltered, field, standard units (Minimum)","Specific conductance, water, unfiltered, microsiemens per centimeter at 25 degrees Celsius (Minimum)","Specific conductance, water, unfiltered, microsiemens per centimeter at 25 degrees Celsius (Mean)","Dissolved oxygen, water, unfiltered, milligrams per liter (Maximum)","Dissolved oxygen, water, unfiltered, milligrams per liter (Mean)","Dissolved oxygen, water, unfiltered, milligrams per liter (Minimum)","Temperature, water, degrees Celsius (Mean)","Temperature, water, degrees Celsius (Minimum)","Temperature, water, degrees Celsius (Maximum)",Water Quality
count,705.0,705.0,705.0,705.0,705.0,705.0,705.0,705.0,705.0,705.0,705.0,705.0
mean,0.003424799192623008,0.9212402254955447,0.0029604425308977413,0.0031976119237588654,0.5698768197088466,0.884327970939284,0.6356759080163336,0.6372033283073658,0.5798005319148936,0.5670303691580287,0.5667862444334488,0.677318098240084
min,0.001267056530214425,0.7948717948717949,0.0007858546168958742,0.0012109375,0.4276315789473684,0.7682926829268293,0.4696969696969697,0.3937007874015748,0.190625,0.1858974358974359,0.18895348837209303,0.611111111111111
25%,0.0029044834307992203,0.9102564102564102,0.0022396856581532415,0.0026171875,0.48684210526315796,0.8658536585365854,0.5454545454545455,0.5433070866141733,0.43125,0.4198717948717949,0.42151162790697677,0.6666666666666666
50%,0.003645224171539961,0.9230769230769231,0.003104125736738703,0.00337890625,0.5526315789473685,0.8902439024390244,0.6136363636363636,0.6220472440944883,0.590625,0.5737179487179487,0.5813953488372093,0.6759259259259258
75%,0.004015594541910332,0.9487179487179488,0.003693516699410609,0.003828125,0.6447368421052633,0.902439024390244,0.7196969696969697,0.7322834645669293,0.746875,0.7339743589743589,0.7238372093023255,0.6851851851851851
max,0.004697855750487329,0.9743589743589743,0.004459724950884087,0.00458984375,0.7828947368421053,0.926829268292683,0.8863636363636364,0.9133858267716536,0.875,0.8653846153846154,0.8604651162790699,0.7222222222222222
std,0.0007719534463826321,0.029041886831096937,0.0008394177690668356,0.0007929377905114587,0.0878769690299241,0.024260383998626702,0.1032146382074271,0.11246853586145875,0.175903340163014,0.1756334470774428,0.16929018809448393,0.017937480879417923
