,"Specific conductance, water, unfiltered, microsiemens per centimeter at 25 degrees Celsius (Maximum)","pH, water, unfiltered, field, standard units (Maximum)","pH, water, unfiltered, field, standard units (Minimum)","Specific conductance, water, unfiltered, microsiemens per centimeter at 25 degrees Celsius (Minimum)","Specific conductance, water, unfiltered, microsiemens per centimeter at 25 degrees Celsius (Mean)","Dissolved oxygen, water, unfiltered, milligrams per liter (Maximum)","Dissolved oxygen, water, unfiltered, milligrams per liter (Mean)","Dissolved oxygen, water, unfiltered, milligrams per liter (Minimum)","Temperature, water, degrees Celsius (Mean)","Temperature, water, degrees Celsius (Minimum)","Temperature, water, degrees Celsius (Maximum)",Water Quality
count,705.0,705.0,705.0,705.0,705.0,705.0,705.0,705.0,705.0,705.0,705.0,705.0
mean,0.0024627486762611806,0.8701945808328789,0.001921553874235394,0.0021175476507092196,0.5909201194475551,0.8370178169866807,0.6424242424242425,0.6326911263751606,0.5438386524822695,0.5156937625022731,0.5447055912914399,0.6432361439453637
min,0.0014035087719298245,0.7435897435897436,0.000412573673870334,0.0008984375,0.44078947368421056,0.7682926829268293,0.4621212121212121,0.4173228346456693,0.1,0.06730769230769232,0.11627906976744186,0.5925925925925926
25%,0.0021247563352826512,0.858974358974359,0.001650294695481336,0.0019140625,0.5263157894736842,0.8292682926829269,0.5681818181818182,0.5590551181102362,0.390625,0.3557692307692308,0.40116279069767447,0.6388888888888888
50%,0.0022807017543859647,0.8717948717948718,0.0021218074656188606,0.0021875,0.5723684210526315,0.8414634146341464,0.6212121212121212,0.6062992125984252,0.565625,0.5352564102564102,0.5668604651162791,0.6481481481481481
75%,0.0024171539961013646,0.8846153846153847,0.0022593320235756386,0.00228515625,0.6513157894736843,0.853658536585366,0.7121212121212122,0.7007874015748032,0.70625,0.6891025641025641,0.6947674418604651,0.6481481481481481
max,0.02553606237816764,0.9102564102564102,0.004086444007858546,0.00888671875,0.8223684210526316,0.878048780487805,0.9242424242424242,0.9291338582677167,0.8125,0.8108974358974359,0.8255813953488372,0.6851851851851851
std,0.0014857678269301006,0.025361859898597378,0.0005223086799850885,0.0005051483267954929,0.08219052298498453,0.017701753510801287,0.09559269895454085,0.10078888715330481,0.18097616555963225,0.18703205762778125,0.17049463807324397,0.013359702970193022
