,"Specific conductance, water, unfiltered, microsiemens per centimeter at 25 degrees Celsius (Maximum)","pH, water, unfiltered, field, standard units (Maximum)","pH, water, unfiltered, field, standard units (Minimum)","Specific conductance, water, unfiltered, microsiemens per centimeter at 25 degrees Celsius (Minimum)","Specific conductance, water, unfiltered, microsiemens per centimeter at 25 degrees Celsius (Mean)","Dissolved oxygen, water, unfiltered, milligrams per liter (Maximum)","Dissolved oxygen, water, unfiltered, milligrams per liter (Mean)","Dissolved oxygen, water, unfiltered, milligrams per liter (Minimum)","Temperature, water, degrees Celsius (Mean)","Temperature, water, degrees Celsius (Minimum)","Temperature, water, degrees Celsius (Maximum)",Water Quality
count,705.0,705.0,705.0,705.0,705.0,705.0,705.0,705.0,705.0,705.0,705.0,705.0
mean,0.0012682178258885987,0.8393889798145118,0.001214256851844111,0.0012389738475177307,0.5146136618141098,0.8056564608199274,0.5672147001934237,0.5609538169430949,0.5523448581560284,0.5363247863247863,0.5459508494144814,0.6176910953506698
min,0.0007797270955165692,0.7692307692307693,0.0006483300589390962,0.00076171875,0.3815789473684211,0.7317073170731708,0.393939393939394,0.2992125984251969,0.159375,0.13782051282051283,0.17732558139534885,0.5740740740740741
25%,0.0011500974658869396,0.8333333333333334,0.001100196463654224,0.0011328125,0.4342105263157895,0.7926829268292683,0.4772727272727273,0.4724409448818898,0.390625,0.3717948717948718,0.40116279069767447,0.611111111111111
50%,0.001267056530214425,0.8461538461538461,0.0012180746561886052,0.00123046875,0.5,0.8048780487804879,0.5454545454545455,0.5433070866141733,0.571875,0.5512820512820513,0.563953488372093,0.6203703703703703
75%,0.0013840155945419104,0.8461538461538461,0.0013359528487229863,0.00134765625,0.5789473684210527,0.8170731707317074,0.6363636363636365,0.6377952755905512,0.70625,0.7019230769230769,0.6831395348837209,0.6296296296296295
max,0.0020662768031189083,0.9102564102564102,0.001768172888015717,0.00181640625,0.7500000000000001,0.8902439024390244,0.8409090909090909,0.8503937007874017,0.853125,0.8397435897435898,0.8255813953488372,0.7037037037037036
std,0.00020665387609880996,0.019873854590376397,0.00019820344108122424,0.00019893724741592612,0.09042364163854268,0.018316501374615247,0.10426230217219451,0.11172610085726403,0.17987283790311634,0.18849076147620641,0.1643124964844927,0.016259861697820645
