,"Specific conductance, water, unfiltered, microsiemens per centimeter at 25 degrees Celsius (Maximum)","pH, water, unfiltered, field, standard units (Maximum)","pH, water, unfiltered, field, standard units (Minimum)","Specific conductance, water, unfiltered, microsiemens per centimeter at 25 degrees Celsius (Minimum)","Specific conductance, water, unfiltered, microsiemens per centimeter at 25 degrees Celsius (Mean)","Dissolved oxygen, water, unfiltered, milligrams per liter (Maximum)","Dissolved oxygen, water, unfiltered, milligrams per liter (Mean)","Dissolved oxygen, water, unfiltered, milligrams per liter (Minimum)","Temperature, water, degrees Celsius (Mean)","Temperature, water, degrees Celsius (Minimum)","Temperature, water, degrees Celsius (Maximum)",Water Quality
count,705.0,705.0,705.0,705.0,705.0,705.0,705.0,705.0,705.0,705.0,705.0,705.0
mean,0.004693652966142701,0.8500090925622841,0.003804567431620895,0.004273548315602837,0.5970231429637924,0.8345960906417577,0.6569847410272942,0.6475344837214497,0.5490868794326241,0.5241680305510092,0.5498268184067294,0.6419884423430523
min,0.0020467836257309943,0.6282051282051283,0.00043222003929273083,0.0015234375,0.48026315789473684,0.7195121951219513,0.4848484848484849,0.16535433070866143,0.115625,0.08012820512820513,0.125,0.5740740740740741
25%,0.0043274853801169594,0.8333333333333334,0.0030451866404715127,0.00375,0.5328947368421053,0.8170731707317074,0.5833333333333334,0.5826771653543308,0.40625,0.3717948717948718,0.41569767441860467,0.6296296296296295
50%,0.004775828460038986,0.858974358974359,0.0042829076620825145,0.00451171875,0.5789473684210527,0.8414634146341464,0.6363636363636365,0.6299212598425197,0.565625,0.5416666666666666,0.5668604651162791,0.6388888888888888
75%,0.0050682261208577,0.8846153846153847,0.004774066797642436,0.0048828125,0.6513157894736843,0.853658536585366,0.7196969696969697,0.7007874015748032,0.70625,0.6955128205128205,0.688953488372093,0.6574074074074073
max,0.008810916179337233,0.9358974358974359,0.0068172888015717095,0.007734375,0.8421052631578948,0.902439024390244,0.946969696969697,0.9291338582677167,0.815625,0.8076923076923077,0.813953488372093,0.7037037037037036
std,0.0007307915235319767,0.05083449819052067,0.001268653826114083,0.0008600262081312318,0.07598186523625679,0.02700225619119767,0.08696082318476624,0.0928092915595847,0.17176075292768472,0.1785643856920838,0.1612627580542292,0.019750054032374224
