,"Specific conductance, water, unfiltered, microsiemens per centimeter at 25 degrees Celsius (Maximum)","pH, water, unfiltered, field, standard units (Maximum)","pH, water, unfiltered, field, standard units (Minimum)","Specific conductance, water, unfiltered, microsiemens per centimeter at 25 degrees Celsius (Minimum)","Specific conductance, water, unfiltered, microsiemens per centimeter at 25 degrees Celsius (Mean)","Dissolved oxygen, water, unfiltered, milligrams per liter (Maximum)","Dissolved oxygen, water, unfiltered, milligrams per liter (Mean)","Dissolved oxygen, water, unfiltered, milligrams per liter (Minimum)","Temperature, water, degrees Celsius (Mean)","Temperature, water, degrees Celsius (Minimum)","Temperature, water, degrees Celsius (Maximum)",Water Quality
count,705.0,705.0,705.0,705.0,705.0,705.0,705.0,705.0,705.0,705.0,705.0,705.0
mean,0.0016099705528596906,0.9025822876886708,0.0014772116094692695,0.001550919769503546,0.599290780141844,0.867929423975091,0.6732753062540296,0.6814988551962919,0.5409485815602837,0.5234542644117112,0.5331065479135741,0.6644996059889676
min,0.0007407407407407407,0.7692307692307693,0.000412573673870334,0.00068359375,0.493421052631579,0.7682926829268293,0.5530303030303031,0.5039370078740159,0.128125,0.09935897435897437,0.14244186046511628,0.611111111111111
25%,0.0015204678362573099,0.8974358974358975,0.0013359528487229863,0.0014453125,0.5328947368421053,0.8658536585365854,0.5984848484848485,0.6062992125984252,0.3875,0.3653846153846154,0.3953488372093023,0.6574074074074073
50%,0.0016569200779727095,0.9102564102564102,0.0015913555992141453,0.00162109375,0.5789473684210527,0.878048780487805,0.6439393939393939,0.6535433070866142,0.5625,0.5448717948717949,0.555232558139535,0.6666666666666666
75%,0.0017348927875243665,0.9230769230769231,0.0017092337917485264,0.00171875,0.6578947368421053,0.878048780487805,0.7424242424242425,0.7480314960629921,0.7,0.6891025641025641,0.6802325581395349,0.6759259259259258
max,0.002962962962962963,0.9487179487179488,0.002082514734774067,0.002421875,0.8223684210526316,0.902439024390244,0.9318181818181819,0.9448818897637796,0.809375,0.8108974358974359,0.7848837209302326,0.6851851851851851
std,0.00022349435830680634,0.0290373366245727,0.00032817280851921767,0.00025015904454419197,0.07871847389664109,0.019627345596047625,0.08879990471552696,0.08995323960807732,0.17697140657302252,0.18492085260069768,0.16398517454661596,0.013290192214030147
