,"Specific conductance, water, unfiltered, microsiemens per centimeter at 25 degrees Celsius (Maximum)","pH, water, unfiltered, field, standard units (Maximum)","pH, water, unfiltered, field, standard units (Minimum)","Specific conductance, water, unfiltered, microsiemens per centimeter at 25 degrees Celsius (Minimum)","Specific conductance, water, unfiltered, microsiemens per centimeter at 25 degrees Celsius (Mean)","Dissolved oxygen, water, unfiltered, milligrams per liter (Maximum)","Dissolved oxygen, water, unfiltered, milligrams per liter (Mean)","Dissolved oxygen, water, unfiltered, milligrams per liter (Minimum)","Temperature, water, degrees Celsius (Mean)","Temperature, water, degrees Celsius (Minimum)","Temperature, water, degrees Celsius (Maximum)",Water Quality
count,705.0,705.0,705.0,705.0,705.0,705.0,705.0,705.0,705.0,705.0,705.0,705.0
mean,0.002430481246457357,0.869721767594108,0.002069556493750784,0.0022460383421985817,0.6010918253079508,0.8380211036152917,0.6388673973780357,0.6180041324621657,0.5612721631205674,0.5328696126568466,0.5661388751443179,0.6471631205673759
min,0.0012475633528265108,0.782051282051282,0.000550098231827112,0.00103515625,0.4342105263157895,0.7682926829268293,0.4621212121212121,0.33070866141732286,0.0875,0.05128205128205129,0.10755813953488373,0.6018518518518519
25%,0.002202729044834308,0.858974358974359,0.0017092337917485264,0.00197265625,0.5263157894736842,0.8292682926829269,0.5530303030303031,0.5196850393700787,0.3875,0.358974358974359,0.40116279069767447,0.6388888888888888
50%,0.0024366471734892786,0.8717948717948718,0.0022396856581532415,0.00232421875,0.5789473684210527,0.8414634146341464,0.6060606060606061,0.5905511811023623,0.5875,0.5576923076923077,0.5872093023255814,0.6481481481481481
75%,0.002631578947368421,0.8846153846153847,0.002475442043222004,0.0025,0.6710526315789473,0.853658536585366,0.7272727272727273,0.7086614173228347,0.74375,0.7211538461538461,0.7354651162790699,0.6574074074074073
max,0.008148148148148147,0.9230769230769231,0.00343811394891945,0.0037890625,0.8355263157894737,0.8902439024390244,0.946969696969697,0.952755905511811,0.8625,0.8397435897435898,0.8691860465116279,0.7407407407407407
std,0.0004666675040559712,0.02382660115407843,0.0005823076598001505,0.00043735194136291855,0.0894529793284948,0.01935232569051757,0.10728794510400401,0.1200318367395914,0.20072991654739794,0.20362599315729094,0.19325345114477005,0.016446226775834672
