,"Specific conductance, water, unfiltered, microsiemens per centimeter at 25 degrees Celsius (Maximum)","pH, water, unfiltered, field, standard units (Maximum)","pH, water, unfiltered, field, standard units (Minimum)","Specific conductance, water, unfiltered, microsiemens per centimeter at 25 degrees Celsius (Minimum)","Specific conductance, water, unfiltered, microsiemens per centimeter at 25 degrees Celsius (Mean)","Dissolved oxygen, water, unfiltered, milligrams per liter (Maximum)","Dissolved oxygen, water, unfiltered, milligrams per liter (Mean)","Dissolved oxygen, water, unfiltered, milligrams per liter (Minimum)","Temperature, water, degrees Celsius (Mean)","Temperature, water, degrees Celsius (Minimum)","Temperature, water, degrees Celsius (Maximum)",Water Quality
count,705.0,705.0,705.0,705.0,705.0,705.0,705.0,705.0,705.0,705.0,705.0,705.0
mean,0.16571481896229934,0.872849609019822,0.006441834218116457,0.06098670212765958,0.47868607689436365,0.8495588998443176,0.4686116483988824,0.35691070531077235,0.6709574468085107,0.6652436806692127,0.6455838693715983,0.6616364591541896
min,0.0013255360623781677,0.7948717948717949,0.00047151277013752455,0.0012109375,0.3092105263157895,0.7804878048780489,0.25,0.07874015748031496,0.259375,0.2371794871794872,0.25872093023255816,0.6018518518518519
25%,0.07641325536062378,0.858974358974359,0.002554027504911591,0.0216796875,0.39473684210526316,0.8292682926829269,0.34848484848484845,0.1968503937007874,0.49375,0.4807692307692308,0.4796511627906977,0.6481481481481481
50%,0.1617933723196881,0.8717948717948718,0.004361493123772102,0.057421875,0.4736842105263158,0.853658536585366,0.4545454545454546,0.31496062992125984,0.7,0.6923076923076924,0.6686046511627908,0.6574074074074073
75%,0.23976608187134502,0.8846153846153847,0.008035363457760314,0.0908203125,0.5657894736842105,0.8658536585365854,0.5833333333333334,0.5039370078740159,0.846875,0.8461538461538461,0.8052325581395349,0.6759259259259258
max,0.6842105263157895,0.9358974358974359,0.0681728880157171,0.267578125,0.6907894736842105,0.9146341463414634,0.787878787878788,0.7952755905511811,0.95,0.9647435897435898,0.9127906976744186,0.7222222222222222
std,0.1093962461631176,0.024463169150519045,0.006260449925773488,0.0457954847744821,0.09452213142742147,0.026687033444240543,0.1336568385356624,0.17890690160217632,0.1931896789388982,0.1990480432059686,0.17902458662640827,0.024860219812207377
