,"Specific conductance, water, unfiltered, microsiemens per centimeter at 25 degrees Celsius (Maximum)","pH, water, unfiltered, field, standard units (Maximum)","pH, water, unfiltered, field, standard units (Minimum)","Specific conductance, water, unfiltered, microsiemens per centimeter at 25 degrees Celsius (Minimum)","Specific conductance, water, unfiltered, microsiemens per centimeter at 25 degrees Celsius (Mean)","Dissolved oxygen, water, unfiltered, milligrams per liter (Maximum)","Dissolved oxygen, water, unfiltered, milligrams per liter (Mean)","Dissolved oxygen, water, unfiltered, milligrams per liter (Minimum)","Temperature, water, degrees Celsius (Mean)","Temperature, water, degrees Celsius (Minimum)","Temperature, water, degrees Celsius (Maximum)",Water Quality
count,705.0,705.0,705.0,705.0,705.0,705.0,705.0,705.0,705.0,705.0,705.0,705.0
mean,0.0014755091037285887,0.8889979996362977,0.001414454708857585,0.0014493849734042552,0.5379339305711086,0.8522919910050166,0.5895658714807651,0.5817389847545652,0.6210106382978723,0.6071876704855429,0.6088652482269504,0.6535329655897031
min,0.0009746588693957114,0.7948717948717949,0.0007072691552062868,0.0008984375,0.3092105263157895,0.8048780487804879,0.29545454545454547,0.1968503937007874,0.128125,0.08974358974358974,0.15697674418604654,0.6203703703703703
25%,0.0013255360623781677,0.8717948717948718,0.0012770137524557956,0.00130859375,0.45394736842105265,0.8414634146341464,0.4772727272727273,0.4724409448818898,0.415625,0.40384615384615385,0.4186046511627907,0.6481481481481481
50%,0.001442495126705653,0.8846153846153847,0.0014145383104125736,0.00142578125,0.5,0.853658536585366,0.5454545454545455,0.5433070866141733,0.6375,0.6217948717948718,0.6337209302325582,0.6481481481481481
75%,0.0015984405458089668,0.8974358974358975,0.001532416502946955,0.0015625,0.631578947368421,0.8658536585365854,0.6969696969696969,0.6929133858267718,0.821875,0.8141025641025641,0.7906976744186046,0.6666666666666666
max,0.002378167641325536,0.9487179487179488,0.0023772102161100195,0.00236328125,0.7894736842105263,0.902439024390244,0.8787878787878788,0.8897637795275591,0.953125,0.9519230769230769,0.9476744186046513,0.7037037037037036
std,0.0002092369505231911,0.019535606002721907,0.00021945949733221336,0.00020167894949503726,0.10915369305846417,0.01763500079374048,0.13060844700863888,0.1405053544996907,0.2219936020084556,0.2269411252238673,0.2077786129413715,0.014454161626331544
