,"Specific conductance, water, unfiltered, microsiemens per centimeter at 25 degrees Celsius (Maximum)","pH, water, unfiltered, field, standard units (Maximum)","pH, water, unfiltered, field, standard units (Minimum)","Specific conductance, water, unfiltered, microsiemens per centimeter at 25 degrees Celsius (Minimum)","Specific conductance, water, unfiltered, microsiemens per centimeter at 25 degrees Celsius (Mean)","Dissolved oxygen, water, unfiltered, milligrams per liter (Maximum)","Dissolved oxygen, water, unfiltered, milligrams per liter (Mean)","Dissolved oxygen, water, unfiltered, milligrams per liter (Minimum)","Temperature, water, degrees Celsius (Mean)","Temperature, water, degrees Celsius (Minimum)","Temperature, water, degrees Celsius (Maximum)",Water Quality
count,705.0,705.0,705.0,705.0,705.0,705.0,705.0,705.0,705.0,705.0,705.0,705.0
mean,0.41691150650463826,0.9092562284051647,0.18758831807604956,0.2739623781028369,0.3538073908174692,0.878481231620827,0.36060606060606065,0.3270899648182275,0.6815868794326241,0.686424804509911,0.64735279564572,0.6815471499868662
min,0.0354775828460039,0.8205128205128206,0.000962671905697446,0.00623046875,0.11842105263157895,0.8048780487804879,0.08333333333333334,0.03937007874015748,0.265625,0.2660256410256411,0.25872093023255816,0.6203703703703703
25%,0.36062378167641324,0.8846153846153847,0.10864440078585462,0.20703125,0.24342105263157898,0.8658536585365854,0.2196969696969697,0.16535433070866143,0.503125,0.5064102564102565,0.4767441860465116,0.6666666666666666
50%,0.43664717348927873,0.9102564102564102,0.20039292730844793,0.291015625,0.3486842105263158,0.878048780487805,0.34090909090909094,0.2992125984251969,0.7125,0.717948717948718,0.6802325581395349,0.6851851851851851
75%,0.49707602339181284,0.9230769230769231,0.26129666011787817,0.34765625,0.4473684210526316,0.8902439024390244,0.4848484848484849,0.4724409448818898,0.859375,0.8717948717948718,0.811046511627907,0.6944444444444444
max,0.7524366471734892,0.9871794871794872,0.4204322200392927,0.486328125,0.6973684210526316,0.9390243902439025,0.7803030303030304,0.7874015748031497,0.959375,0.9711538461538461,0.9098837209302326,0.7222222222222222
std,0.11796630908825007,0.029002382316446723,0.09754031363222745,0.10365390386825367,0.125036263757291,0.026427659090835776,0.15754384378298006,0.1764014334996578,0.19316460314421444,0.198310608650599,0.1804643441959535,0.018486150357356897
