,"Specific conductance, water, unfiltered, microsiemens per centimeter at 25 degrees Celsius (Maximum)","pH, water, unfiltered, field, standard units (Maximum)","pH, water, unfiltered, field, standard units (Minimum)","Specific conductance, water, unfiltered, microsiemens per centimeter at 25 degrees Celsius (Minimum)","Specific conductance, water, unfiltered, microsiemens per centimeter at 25 degrees Celsius (Mean)","Dissolved oxygen, water, unfiltered, milligrams per liter (Maximum)","Dissolved oxygen, water, unfiltered, milligrams per liter (Mean)","Dissolved oxygen, water, unfiltered, milligrams per liter (Minimum)","Temperature, water, degrees Celsius (Mean)","Temperature, water, degrees Celsius (Minimum)","Temperature, water, degrees Celsius (Maximum)",Water Quality
count,705.0,705.0,705.0,705.0,705.0,705.0,705.0,705.0,705.0,705.0,705.0,705.0
mean,0.0013915640164240389,0.8721403891616658,0.0013341414816982265,0.001358876329787234,0.5456793579693916,0.8421207403563398,0.5956372232967979,0.5808008041547998,0.6388785460992908,0.6319012547735953,0.6209343559294079,0.6514578408195428
min,0.0008576998050682261,0.782051282051282,0.000825147347740668,0.000859375,0.2565789473684211,0.7560975609756099,0.25757575757575757,0.1889763779527559,0.21875,0.20833333333333334,0.21511627906976746,0.5833333333333333
25%,0.0012280701754385965,0.8461538461538461,0.0011984282907662083,0.0012109375,0.45394736842105265,0.8170731707317074,0.4696969696969697,0.42519685039370086,0.425,0.4198717948717949,0.41569767441860467,0.6296296296296295
50%,0.001345029239766082,0.8717948717948718,0.0012770137524557956,0.0012890625,0.5526315789473685,0.8414634146341464,0.5984848484848485,0.5826771653543308,0.671875,0.657051282051282,0.6453488372093024,0.6481481481481481
75%,0.0015204678362573099,0.8974358974358975,0.0014341846758349705,0.00146484375,0.638157894736842,0.8658536585365854,0.7196969696969697,0.7322834645669293,0.85,0.8397435897435898,0.8168604651162792,0.6666666666666666
max,0.0038401559454191033,0.9743589743589743,0.003398821218074656,0.003671875,0.7894736842105263,0.9390243902439025,0.893939393939394,0.9212598425196851,0.959375,0.9583333333333333,0.938953488372093,0.7407407407407407
std,0.0003691027221134998,0.034717511891878876,0.00031963360857735994,0.00034960914284433035,0.11289962387732233,0.0329646342988929,0.1473840085475754,0.17439423041304064,0.2179843988472946,0.21988419228472772,0.2088029821892241,0.026392772942275353
