,"Specific conductance, water, unfiltered, microsiemens per centimeter at 25 degrees Celsius (Maximum)","pH, water, unfiltered, field, standard units (Maximum)","pH, water, unfiltered, field, standard units (Minimum)","Specific conductance, water, unfiltered, microsiemens per centimeter at 25 degrees Celsius (Minimum)","Specific conductance, water, unfiltered, microsiemens per centimeter at 25 degrees Celsius (Mean)","Dissolved oxygen, water, unfiltered, milligrams per liter (Maximum)","Dissolved oxygen, water, unfiltered, milligrams per liter (Mean)","Dissolved oxygen, water, unfiltered, milligrams per liter (Minimum)","Temperature, water, degrees Celsius (Mean)","Temperature, water, degrees Celsius (Minimum)","Temperature, water, degrees Celsius (Maximum)",Water Quality
count,705.0,705.0,705.0,705.0,705.0,705.0,705.0,705.0,705.0,705.0,705.0,705.0
mean,0.0014140433826883994,0.8810329150754685,0.0013472947930164834,0.0013769946808510638,0.5106289660321016,0.8469122989102232,0.5582957231893403,0.5480538336963199,0.6505984042553191,0.6350745590107292,0.6423470229259443,0.651431573417389
min,0.0005263157894736842,0.7948717948717949,0.00047151277013752455,0.0005078125,0.19736842105263158,0.7560975609756099,0.18181818181818182,0.13385826771653545,0.125,0.06730769230769232,0.15116279069767444,0.5833333333333333
25%,0.0012085769980506823,0.858974358974359,0.0011787819253438114,0.00119140625,0.4210526315789474,0.8292682926829269,0.4393939393939394,0.4173228346456693,0.428125,0.4102564102564103,0.4302325581395349,0.6388888888888888
50%,0.0013645224171539962,0.8846153846153847,0.0013163064833005894,0.001328125,0.5,0.853658536585366,0.5530303030303031,0.5354330708661418,0.678125,0.6634615384615384,0.6744186046511628,0.6481481481481481
75%,0.001695906432748538,0.8974358974358975,0.0015913555992141453,0.00166015625,0.618421052631579,0.8658536585365854,0.6893939393939394,0.6929133858267718,0.865625,0.8557692307692307,0.8401162790697674,0.6666666666666666
max,0.00239766081871345,0.9743589743589743,0.0022593320235756386,0.00232421875,0.8355263157894737,0.926829268292683,0.9166666666666667,0.9055118110236221,1.0,0.967948717948718,0.991279069767442,0.7314814814814815
std,0.00029925171052456876,0.030406330809369546,0.00028770664891288186,0.0002912568418096133,0.12666144243361585,0.02939510576160059,0.1527693849487728,0.16839282559720234,0.2283276151155004,0.23102311277938278,0.21792893070688155,0.02364097519886018
