,"Specific conductance, water, unfiltered, microsiemens per centimeter at 25 degrees Celsius (Maximum)","pH, water, unfiltered, field, standard units (Maximum)","pH, water, unfiltered, field, standard units (Minimum)","Specific conductance, water, unfiltered, microsiemens per centimeter at 25 degrees Celsius (Minimum)","Specific conductance, water, unfiltered, microsiemens per centimeter at 25 degrees Celsius (Mean)","Dissolved oxygen, water, unfiltered, milligrams per liter (Maximum)","Dissolved oxygen, water, unfiltered, milligrams per liter (Mean)","Dissolved oxygen, water, unfiltered, milligrams per liter (Minimum)","Temperature, water, degrees Celsius (Mean)","Temperature, water, degrees Celsius (Minimum)","Temperature, water, degrees Celsius (Maximum)",Water Quality
count,705.0,705.0,705.0,705.0,705.0,705.0,705.0,705.0,705.0,705.0,705.0,705.0
mean,0.0032109825390900415,0.90067284960902,0.002648859535454026,0.0029182457890070926,0.5886058230683091,0.8717176959003633,0.6096926713947991,0.5739989948065004,0.5742774822695036,0.5412302236770322,0.5854774863928748,0.6761097977410034
min,0.001345029239766082,0.7948717948717949,0.00047151277013752455,0.00083984375,0.38815789473684215,0.7926829268292683,0.38636363636363635,0.1889763779527559,0.090625,0.04807692307692308,0.10755813953488373,0.6296296296296295
25%,0.0028460038986354774,0.8846153846153847,0.0019449901768172888,0.0024609375,0.5065789473684211,0.8658536585365854,0.5075757575757576,0.46456692913385833,0.4,0.3685897435897436,0.4127906976744186,0.6666666666666666
50%,0.0032748538011695906,0.9102564102564102,0.002888015717092338,0.00306640625,0.5855263157894738,0.878048780487805,0.5833333333333334,0.5511811023622047,0.6,0.5641025641025642,0.6104651162790697,0.6759259259259258
75%,0.00354775828460039,0.9230769230769231,0.0033595284872298624,0.00341796875,0.6644736842105263,0.8902439024390244,0.7045454545454546,0.6771653543307087,0.759375,0.7307692307692308,0.7616279069767442,0.6851851851851851
max,0.009610136452241715,0.9487179487179488,0.004734774066797643,0.00646484375,0.8486842105263158,0.9146341463414634,0.9393939393939394,0.9370078740157481,0.88125,0.8557692307692307,0.9244186046511629,0.9907407407407406
std,0.0006881615981580173,0.028303041451393653,0.0008905788012745472,0.0007226356515244208,0.09804779207778998,0.020150023091925068,0.1200958901193346,0.13908875181654343,0.20214090838372142,0.20356410006535677,0.19765765162445592,0.02252345738406668
