,"Specific conductance, water, unfiltered, microsiemens per centimeter at 25 degrees Celsius (Maximum)","pH, water, unfiltered, field, standard units (Maximum)","pH, water, unfiltered, field, standard units (Minimum)","Specific conductance, water, unfiltered, microsiemens per centimeter at 25 degrees Celsius (Minimum)","Specific conductance, water, unfiltered, microsiemens per centimeter at 25 degrees Celsius (Mean)","Dissolved oxygen, water, unfiltered, milligrams per liter (Maximum)","Dissolved oxygen, water, unfiltered, milligrams per liter (Mean)","Dissolved oxygen, water, unfiltered, milligrams per liter (Minimum)","Temperature, water, degrees Celsius (Mean)","Temperature, water, degrees Celsius (Minimum)","Temperature, water, degrees Celsius (Maximum)",Water Quality
count,705.0,705.0,705.0,705.0,705.0,705.0,705.0,705.0,705.0,705.0,705.0,705.0
mean,0.0053624486748786865,0.9270412802327698,0.0043639733032367735,0.004929078014184397,0.6848730869727511,0.908303061754022,0.6641414141414141,0.6004914279332105,0.5500797872340425,0.5122158574286234,0.5646338446313707,0.7318754925137904
min,0.002202729044834308,0.7692307692307693,0.0007072691552062868,0.00162109375,0.46710526315789475,0.8170731707317074,0.31818181818181823,0.1968503937007874,0.059375,0.022435897435897436,0.09011627906976745,0.6388888888888888
25%,0.004775828460038986,0.9102564102564102,0.0033202357563850687,0.0041796875,0.611842105263158,0.8902439024390244,0.5681818181818182,0.49606299212598426,0.378125,0.33974358974358976,0.3924418604651163,0.6944444444444444
50%,0.005477582846003899,0.9358974358974359,0.004872298624754421,0.00513671875,0.6776315789473685,0.9146341463414634,0.6363636363636365,0.5748031496062992,0.571875,0.5288461538461539,0.5901162790697675,0.7222222222222222
75%,0.005925925925925926,0.9487179487179488,0.005520628683693516,0.005703125,0.7565789473684211,0.926829268292683,0.7575757575757576,0.7007874015748032,0.73125,0.7051282051282052,0.7354651162790699,0.7592592592592592
max,0.025146198830409357,0.9743589743589743,0.011984282907662083,0.01515625,1.0,1.0,0.9772727272727274,0.9606299212598425,0.8625,0.8397435897435898,0.872093023255814,0.8703703703703703
std,0.0013373530492259169,0.03307157395584945,0.0015261855925770321,0.0013855303828550314,0.11018058771592314,0.02968023958608418,0.11744738212123493,0.13342942257352586,0.20499066521228088,0.20835812359580053,0.19635272712206603,0.04579208200354882
