,"Specific conductance, water, unfiltered, microsiemens per centimeter at 25 degrees Celsius (Maximum)","pH, water, unfiltered, field, standard units (Maximum)","pH, water, unfiltered, field, standard units (Minimum)","Specific conductance, water, unfiltered, microsiemens per centimeter at 25 degrees Celsius (Minimum)","Specific conductance, water, unfiltered, microsiemens per centimeter at 25 degrees Celsius (Mean)","Dissolved oxygen, water, unfiltered, milligrams per liter (Maximum)","Dissolved oxygen, water, unfiltered, milligrams per liter (Mean)","Dissolved oxygen, water, unfiltered, milligrams per liter (Minimum)","Temperature, water, degrees Celsius (Mean)","Temperature, water, degrees Celsius (Minimum)","Temperature, water, degrees Celsius (Maximum)",Water Quality
count,705.0,705.0,705.0,705.0,705.0,705.0,705.0,705.0,705.0,705.0,705.0,705.0
mean,0.0022928124092737754,0.8963447899618113,0.0019175409995959257,0.0021322861258865245,0.5981989548338933,0.8650060543158624,0.658822265205244,0.6520578544703188,0.5251950354609929,0.5051782142207675,0.5214992577931717,0.6646966115051222
min,0.0012865497076023392,0.7692307692307693,0.00033398821218074657,0.00099609375,0.44078947368421056,0.8170731707317074,0.4772727272727273,0.21259842519685043,0.08125,0.05448717948717949,0.09593023255813954,0.6296296296296295
25%,0.0020857699805068228,0.8846153846153847,0.0016110019646365422,0.00193359375,0.5197368421052632,0.853658536585366,0.5757575757575758,0.5748031496062992,0.371875,0.3493589743589744,0.3866279069767442,0.6574074074074073
50%,0.0022612085769980507,0.8974358974358975,0.0021021611001964635,0.00216796875,0.5723684210526315,0.8658536585365854,0.6363636363636365,0.6299212598425197,0.54375,0.5288461538461539,0.5465116279069768,0.6666666666666666
75%,0.002378167641325536,0.9102564102564102,0.0022986247544204324,0.00234375,0.6710526315789473,0.878048780487805,0.7424242424242425,0.7244094488188976,0.690625,0.6794871794871795,0.6656976744186046,0.6666666666666666
max,0.019688109161793373,0.9358974358974359,0.006856581532416503,0.00830078125,0.861842105263158,0.8902439024390244,0.9621212121212122,0.9448818897637796,0.79375,0.7948717948717949,0.813953488372093,0.7037037037037036
std,0.0008716226574987754,0.024241053911241407,0.000610586790848937,0.0005168032925759866,0.09318700192443459,0.013365365757517154,0.10150546351559797,0.10516219846965116,0.17914301359565682,0.1884746646180472,0.16441469632346237,0.011606043318640917
