,"Specific conductance, water, unfiltered, microsiemens per centimeter at 25 degrees Celsius (Maximum)","pH, water, unfiltered, field, standard units (Maximum)","pH, water, unfiltered, field, standard units (Minimum)","Specific conductance, water, unfiltered, microsiemens per centimeter at 25 degrees Celsius (Minimum)","Specific conductance, water, unfiltered, microsiemens per centimeter at 25 degrees Celsius (Mean)","Dissolved oxygen, water, unfiltered, milligrams per liter (Maximum)","Dissolved oxygen, water, unfiltered, milligrams per liter (Mean)","Dissolved oxygen, water, unfiltered, milligrams per liter (Minimum)","Temperature, water, degrees Celsius (Mean)","Temperature, water, degrees Celsius (Minimum)","Temperature, water, degrees Celsius (Maximum)",Water Quality
count,705.0,705.0,705.0,705.0,705.0,705.0,705.0,705.0,705.0,705.0,705.0,705.0
mean,0.0020048387319757236,0.8938352427714132,0.0017424793434491215,0.0018697639627659574,0.6323348264277716,0.8654731015395262,0.6862991618310768,0.6752778243145139,0.554738475177305,0.5258183306055647,0.5554799604156359,0.6753480430785395
min,0.0011306042884990253,0.7435897435897436,0.0004911591355599214,0.00091796875,0.48684210526315796,0.7439024390243902,0.5378787878787878,0.5039370078740159,0.1125,0.06730769230769232,0.1366279069767442,0.5925925925925926
25%,0.0018713450292397662,0.8846153846153847,0.001512770137524558,0.00171875,0.5789473684210527,0.853658536585366,0.6136363636363636,0.6062992125984252,0.39375,0.358974358974359,0.40116279069767447,0.6666666666666666
50%,0.002007797270955166,0.8974358974358975,0.001905697445972495,0.001953125,0.611842105263158,0.8658536585365854,0.6666666666666667,0.6535433070866142,0.578125,0.5448717948717949,0.5813953488372093,0.6759259259259258
75%,0.0020857699805068228,0.9102564102564102,0.002043222003929273,0.00205078125,0.6842105263157895,0.878048780487805,0.7424242424242425,0.7401574803149606,0.728125,0.7051282051282052,0.7122093023255814,0.6851851851851851
max,0.008947368421052631,0.9487179487179488,0.0028487229862475443,0.00369140625,0.8486842105263158,0.902439024390244,0.9393939393939394,0.9370078740157481,0.85,0.8205128205128206,0.8343023255813954,0.7314814814814815
std,0.00048574789904755496,0.035018505874891755,0.0004201846161035399,0.00032564629995360315,0.07344432426797234,0.023023814494487083,0.08786399437703155,0.09359313077351267,0.18808369958530632,0.19222097504546087,0.17805559164016177,0.019496401682485585
