,"Specific conductance, water, unfiltered, microsiemens per centimeter at 25 degrees Celsius (Maximum)","pH, water, unfiltered, field, standard units (Maximum)","pH, water, unfiltered, field, standard units (Minimum)","Specific conductance, water, unfiltered, microsiemens per centimeter at 25 degrees Celsius (Minimum)","Specific conductance, water, unfiltered, microsiemens per centimeter at 25 degrees Celsius (Mean)","Dissolved oxygen, water, unfiltered, milligrams per liter (Maximum)","Dissolved oxygen, water, unfiltered, milligrams per liter (Mean)","Dissolved oxygen, water, unfiltered, milligrams per liter (Minimum)","Temperature, water, degrees Celsius (Mean)","Temperature, water, degrees Celsius (Minimum)","Temperature, water, degrees Celsius (Maximum)",Water Quality
count,705.0,705.0,705.0,705.0,705.0,705.0,705.0,705.0,705.0,705.0,705.0,705.0
mean,0.0018079714653062918,0.8864702673213313,0.0015985174657581964,0.0017157025709219856,0.6239921612541994,0.8524822695035461,0.6890285837094348,0.6871391076115485,0.5273492907801418,0.5045553737043099,0.5241670790037934,0.6560546361964801
min,0.001267056530214425,0.782051282051282,0.0003732809430255403,0.001015625,0.5065789473684211,0.8170731707317074,0.5606060606060607,0.5196850393700787,0.125,0.08012820512820513,0.14244186046511628,0.6203703703703703
25%,0.0017153996101364523,0.8717948717948718,0.0015520628683693516,0.00166015625,0.5460526315789475,0.8414634146341464,0.6136363636363636,0.6141732283464567,0.39375,0.3557692307692308,0.4069767441860465,0.6481481481481481
50%,0.0017933723196881092,0.8846153846153847,0.0017092337917485264,0.00173828125,0.5986842105263158,0.853658536585366,0.6590909090909091,0.6614173228346457,0.54375,0.5192307692307693,0.5406976744186047,0.6574074074074073
75%,0.0018713450292397662,0.8974358974358975,0.0018074656188605109,0.0018359375,0.6973684210526316,0.8658536585365854,0.7575757575757576,0.7480314960629921,0.675,0.6634615384615384,0.6511627906976744,0.6666666666666666
max,0.007134502923976608,0.9230769230769231,0.0020039292730844793,0.00236328125,0.8881578947368421,0.8902439024390244,0.9848484848484849,0.984251968503937,0.790625,0.7916666666666666,0.7732558139534884,0.7314814814814815
std,0.0003194370535693724,0.02137673593243907,0.0003509338299958052,0.00017980548600641163,0.08602856163305522,0.016246421557834397,0.09087337537150189,0.08802410119066355,0.16033749619453008,0.17118145197729567,0.1446842348088145,0.012278400014544687
