,"Specific conductance, water, unfiltered, microsiemens per centimeter at 25 degrees Celsius (Maximum)","pH, water, unfiltered, field, standard units (Maximum)","pH, water, unfiltered, field, standard units (Minimum)","Specific conductance, water, unfiltered, microsiemens per centimeter at 25 degrees Celsius (Minimum)","Specific conductance, water, unfiltered, microsiemens per centimeter at 25 degrees Celsius (Mean)","Dissolved oxygen, water, unfiltered, milligrams per liter (Maximum)","Dissolved oxygen, water, unfiltered, milligrams per liter (Mean)","Dissolved oxygen, water, unfiltered, milligrams per liter (Minimum)","Temperature, water, degrees Celsius (Mean)","Temperature, water, degrees Celsius (Minimum)","Temperature, water, degrees Celsius (Maximum)",Water Quality
count,705.0,705.0,705.0,705.0,705.0,705.0,705.0,705.0,705.0,705.0,705.0,705.0
mean,0.0037722201484799464,0.8792689579923625,0.0032026362357006504,0.003483848625886525,0.5451847704367301,0.847673412904342,0.589705566301311,0.5713966605238175,0.5515203900709219,0.5279232587743227,0.5467219198416626,0.6514972419227738
min,0.0014814814814814814,0.7692307692307693,0.00068762278978389,0.0012109375,0.38815789473684215,0.7804878048780489,0.3787878787878788,0.28346456692913385,0.0875,0.060897435897435896,0.11337209302325582,0.6018518518518519
25%,0.00341130604288499,0.8717948717948718,0.002593320235756385,0.003046875,0.46052631578947373,0.8414634146341464,0.4848484848484849,0.46456692913385833,0.390625,0.3621794871794872,0.40116279069767447,0.6481481481481481
50%,0.003781676413255361,0.8846153846153847,0.0034970530451866404,0.0036328125,0.5197368421052632,0.853658536585366,0.5530303030303031,0.5354330708661418,0.575,0.5480769230769231,0.5726744186046512,0.6481481481481481
75%,0.004113060428849903,0.8974358974358975,0.0038703339882121806,0.0039453125,0.618421052631579,0.853658536585366,0.6742424242424243,0.6771653543307087,0.721875,0.7083333333333334,0.6976744186046512,0.6574074074074073
max,0.01037037037037037,0.9230769230769231,0.0049901768172888016,0.007109375,0.868421052631579,0.8902439024390244,0.9696969696969698,0.9606299212598425,0.840625,0.8301282051282051,0.8052325581395349,0.6851851851851851
std,0.0007556592839684294,0.024701405067890134,0.0009082864774639894,0.0007126134760562998,0.09827927659089586,0.01725991466959054,0.11945891686673206,0.1310642043414171,0.19007305153578352,0.19649733624432658,0.17461440291502764,0.01240084695303736
