,"Specific conductance, water, unfiltered, microsiemens per centimeter at 25 degrees Celsius (Maximum)","pH, water, unfiltered, field, standard units (Maximum)","pH, water, unfiltered, field, standard units (Minimum)","Specific conductance, water, unfiltered, microsiemens per centimeter at 25 degrees Celsius (Minimum)","Specific conductance, water, unfiltered, microsiemens per centimeter at 25 degrees Celsius (Mean)","Dissolved oxygen, water, unfiltered, milligrams per liter (Maximum)","Dissolved oxygen, water, unfiltered, milligrams per liter (Mean)","Dissolved oxygen, water, unfiltered, milligrams per liter (Minimum)","Temperature, water, degrees Celsius (Mean)","Temperature, water, degrees Celsius (Minimum)","Temperature, water, degrees Celsius (Maximum)",Water Quality
count,705.0,705.0,705.0,705.0,705.0,705.0,705.0,705.0,705.0,705.0,705.0,705.0
mean,0.002816059060180001,0.8983997090380069,0.002484582479900793,0.0026548925088652484,0.5639137737961926,0.8639162774606469,0.6112078229099506,0.5957335120344,0.5590469858156029,0.5283142389525369,0.5639369948870196,0.6639348568426582
min,0.0015399610136452241,0.7948717948717949,0.0006090373280943026,0.00125,0.38815789473684215,0.7804878048780489,0.393939393939394,0.30708661417322836,0.109375,0.06410256410256411,0.1308139534883721,0.611111111111111
25%,0.0026510721247563354,0.8846153846153847,0.0022396856581532415,0.0025,0.5,0.853658536585366,0.5378787878787878,0.5196850393700787,0.390625,0.358974358974359,0.39825581395348836,0.6574074074074073
50%,0.0028460038986354774,0.8974358974358975,0.0026719056974459725,0.00275390625,0.5526315789473685,0.8658536585365854,0.5909090909090909,0.5748031496062992,0.578125,0.5480769230769231,0.5843023255813954,0.6666666666666666
75%,0.0029824561403508773,0.9230769230769231,0.002868369351669941,0.00291015625,0.625,0.878048780487805,0.6818181818181819,0.6771653543307087,0.734375,0.7115384615384616,0.7325581395348837,0.6759259259259258
max,0.005750487329434698,0.9487179487179488,0.0035952848722986246,0.0046484375,0.8092105263157896,0.9146341463414634,0.9015151515151516,0.9055118110236221,0.85625,0.8237179487179487,0.866279069767442,0.7129629629629629
std,0.0003759717429061892,0.027550443516111793,0.0005486488574353838,0.00040402379608751366,0.08455454580437624,0.02090243249656528,0.09885233531700999,0.10693550432586335,0.19559043550554767,0.19638223624768164,0.18883046012153185,0.01476703014142086
