,"Specific conductance, water, unfiltered, microsiemens per centimeter at 25 degrees Celsius (Maximum)","pH, water, unfiltered, field, standard units (Maximum)","pH, water, unfiltered, field, standard units (Minimum)","Specific conductance, water, unfiltered, microsiemens per centimeter at 25 degrees Celsius (Minimum)","Specific conductance, water, unfiltered, microsiemens per centimeter at 25 degrees Celsius (Mean)","Dissolved oxygen, water, unfiltered, milligrams per liter (Maximum)","Dissolved oxygen, water, unfiltered, milligrams per liter (Mean)","Dissolved oxygen, water, unfiltered, milligrams per liter (Minimum)","Temperature, water, degrees Celsius (Mean)","Temperature, water, degrees Celsius (Minimum)","Temperature, water, degrees Celsius (Maximum)",Water Quality
count,705.0,705.0,705.0,705.0,705.0,705.0,705.0,705.0,705.0,705.0,705.0,705.0
mean,0.7668145936156388,0.9277686852154939,0.708241719962658,0.734197695035461,0.43737402015677496,0.9041169347863692,0.41552761659144644,0.3189367286535992,0.7115115248226951,0.7036233860701946,0.6967714002968828,0.7063829787234043
min,0.4015594541910331,0.858974358974359,0.3241650294695481,0.375,0.15789473684210525,0.853658536585366,0.06818181818181819,0.03149606299212599,0.290625,0.2403846153846154,0.2994186046511628,0.6666666666666666
25%,0.7037037037037037,0.9102564102564102,0.6031434184675835,0.65234375,0.3815789473684211,0.8902439024390244,0.33333333333333337,0.20472440944881892,0.540625,0.5288461538461539,0.5319767441860466,0.6944444444444444
50%,0.8031189083820662,0.9230769230769231,0.7426326129666012,0.767578125,0.44078947368421056,0.902439024390244,0.4090909090909091,0.2992125984251969,0.740625,0.7243589743589745,0.7209302325581396,0.7037037037037036
75%,0.8518518518518519,0.9358974358974359,0.8133595284872298,0.828125,0.5,0.9146341463414634,0.5,0.42519685039370086,0.884375,0.8814102564102564,0.8546511627906976,0.7222222222222222
max,1.0,1.0,1.0,1.0,0.6513157894736843,0.9634146341463415,0.7196969696969697,0.6850393700787402,1.0,1.0,1.0,0.7499999999999999
std,0.129159255096716,0.022203587174246354,0.15376964966572798,0.1393864776698212,0.09255140935929176,0.022069722690897034,0.12337861278821992,0.13934671932067672,0.1884111113249919,0.19428350751697102,0.17828755206623662,0.016804960655466647
