,"Specific conductance, water, unfiltered, microsiemens per centimeter at 25 degrees Celsius (Maximum)","pH, water, unfiltered, field, standard units (Maximum)","pH, water, unfiltered, field, standard units (Minimum)","Specific conductance, water, unfiltered, microsiemens per centimeter at 25 degrees Celsius (Minimum)","Specific conductance, water, unfiltered, microsiemens per centimeter at 25 degrees Celsius (Mean)","Dissolved oxygen, water, unfiltered, milligrams per liter (Maximum)","Dissolved oxygen, water, unfiltered, milligrams per liter (Mean)","Dissolved oxygen, water, unfiltered, milligrams per liter (Minimum)","Temperature, water, degrees Celsius (Mean)","Temperature, water, degrees Celsius (Minimum)","Temperature, water, degrees Celsius (Maximum)",Water Quality
count,705.0,705.0,705.0,705.0,705.0,705.0,705.0,705.0,705.0,705.0,705.0,705.0
mean,0.002599670966225651,0.8889070740134571,0.002226671682759966,0.0024304078014184397,0.5951007838745801,0.857775471371735,0.6292177090049431,0.603194281565868,0.559906914893617,0.533446990361884,0.5627494639617351,0.6620830049908063
min,0.0011306042884990253,0.7692307692307693,0.0003929273084479371,0.00091796875,0.4013157894736842,0.7682926829268293,0.3560606060606061,0.1968503937007874,0.090625,0.04487179487179487,0.11337209302325582,0.611111111111111
25%,0.0023391812865497076,0.8717948717948718,0.001905697445972495,0.0021875,0.5328947368421053,0.8414634146341464,0.5530303030303031,0.5196850393700787,0.3875,0.3621794871794872,0.40116279069767447,0.6481481481481481
50%,0.0025925925925925925,0.8974358974358975,0.0023968565815324166,0.0025,0.5789473684210527,0.8658536585365854,0.6060606060606061,0.5826771653543308,0.584375,0.5576923076923077,0.5813953488372093,0.6666666666666666
75%,0.002807017543859649,0.9102564102564102,0.0026719056974459725,0.002734375,0.6513157894736843,0.878048780487805,0.7045454545454546,0.6929133858267718,0.7375,0.7147435897435898,0.7296511627906977,0.6759259259259258
max,0.01,0.9358974358974359,0.003948919449901768,0.00509765625,0.7960526315789473,0.8902439024390244,0.893939393939394,0.9055118110236221,0.853125,0.8333333333333334,0.8691860465116279,0.7314814814814815
std,0.0005698966048861272,0.027584248299379447,0.0006217003322670961,0.00047372400816808634,0.07959375571492429,0.021040671603708188,0.10020960817203488,0.11678614510457899,0.1960992525737014,0.20011372315669382,0.18808113043204078,0.017217534197703374
