,"Specific conductance, water, unfiltered, microsiemens per centimeter at 25 degrees Celsius (Maximum)","pH, water, unfiltered, field, standard units (Maximum)","pH, water, unfiltered, field, standard units (Minimum)","Specific conductance, water, unfiltered, microsiemens per centimeter at 25 degrees Celsius (Minimum)","Specific conductance, water, unfiltered, microsiemens per centimeter at 25 degrees Celsius (Mean)","Dissolved oxygen, water, unfiltered, milligrams per liter (Maximum)","Dissolved oxygen, water, unfiltered, milligrams per liter (Mean)","Dissolved oxygen, water, unfiltered, milligrams per liter (Minimum)","Temperature, water, degrees Celsius (Mean)","Temperature, water, degrees Celsius (Minimum)","Temperature, water, degrees Celsius (Maximum)",Water Quality
count,705.0,705.0,705.0,705.0,705.0,705.0,705.0,705.0,705.0,705.0,705.0,705.0
mean,0.0013339969308614327,0.8849427168576106,0.001282392119160083,0.0013057956560283688,0.5649962672639045,0.8473793461338869,0.6362884160756501,0.6450885128720611,0.5529831560283688,0.5377886888525187,0.542070757050965,0.6471893879695297
min,0.0008187134502923977,0.7948717948717949,0.0007269155206286837,0.00076171875,0.4078947368421053,0.7560975609756099,0.4545454545454546,0.4566929133858268,0.115625,0.09935897435897437,0.12209302325581396,0.5833333333333333
25%,0.001267056530214425,0.8717948717948718,0.0012180746561886052,0.00123046875,0.48684210526315796,0.8292682926829269,0.5454545454545455,0.5590551181102362,0.38125,0.3621794871794872,0.3808139534883721,0.6388888888888888
50%,0.0013645224171539962,0.8846153846153847,0.0013163064833005894,0.001328125,0.5460526315789475,0.853658536585366,0.6136363636363636,0.6220472440944883,0.575,0.5608974358974359,0.5697674418604651,0.6481481481481481
75%,0.0014230019493177387,0.9102564102564102,0.001394891944990177,0.00140625,0.638157894736842,0.8658536585365854,0.7196969696969697,0.7322834645669293,0.728125,0.7211538461538461,0.7034883720930233,0.6574074074074073
max,0.0017933723196881092,0.9358974358974359,0.0015913555992141453,0.00166015625,0.8026315789473684,0.8902439024390244,0.9015151515151516,0.9291338582677167,0.846875,0.8365384615384616,0.8226744186046512,0.6851851851851851
std,0.00013612587663700652,0.027194441928835637,0.00015744306575401362,0.00014325370777325237,0.09409782902782206,0.024614809529403314,0.10637870535887876,0.10809356908379132,0.19446622579495135,0.19981152303111335,0.18128482756039352,0.01759951745034793
