,"Specific conductance, water, unfiltered, microsiemens per centimeter at 25 degrees Celsius (Maximum)","pH, water, unfiltered, field, standard units (Maximum)","pH, water, unfiltered, field, standard units (Minimum)","Specific conductance, water, unfiltered, microsiemens per centimeter at 25 degrees Celsius (Minimum)","Specific conductance, water, unfiltered, microsiemens per centimeter at 25 degrees Celsius (Mean)","Dissolved oxygen, water, unfiltered, milligrams per liter (Maximum)","Dissolved oxygen, water, unfiltered, milligrams per liter (Mean)","Dissolved oxygen, water, unfiltered, milligrams per liter (Minimum)","Temperature, water, degrees Celsius (Mean)","Temperature, water, degrees Celsius (Minimum)","Temperature, water, degrees Celsius (Maximum)",Water Quality
count,705.0,705.0,705.0,705.0,705.0,705.0,705.0,705.0,705.0,705.0,705.0,705.0
mean,0.005847759667095239,0.9115839243498819,0.00461366328080369,0.0052779532358156024,0.5911440836132885,0.8784120394395433,0.6069632495164411,0.5731725023733736,0.5553856382978724,0.516903073286052,0.5680026389576117,0.6878119254005779
min,0.0022612085769980507,0.8461538461538461,0.0005697445972495088,0.001484375,0.3552631578947369,0.8292682926829269,0.33333333333333337,0.2362204724409449,0.0625,0.022435897435897436,0.09011627906976745,0.6388888888888888
25%,0.005107212475633528,0.8974358974358975,0.0033398821218074658,0.00431640625,0.5197368421052632,0.8658536585365854,0.5227272727272728,0.48031496062992124,0.3875,0.3493589743589744,0.40988372093023256,0.6759259259259258
50%,0.005925925925925926,0.9102564102564102,0.005088408644400786,0.00556640625,0.5657894736842105,0.878048780487805,0.5757575757575758,0.5511811023622047,0.578125,0.5416666666666666,0.5959302325581396,0.6851851851851851
75%,0.006569200779727095,0.9230769230769231,0.005952848722986247,0.00615234375,0.6644736842105263,0.8902439024390244,0.7045454545454546,0.6850393700787402,0.740625,0.7115384615384616,0.7296511627906977,0.6944444444444444
max,0.018089668615984406,0.9615384615384616,0.00762278978388998,0.0078125,0.9605263157894737,0.951219512195122,0.946969696969697,0.9448818897637796,0.846875,0.8333333333333334,0.8546511627906976,0.9629629629629629
std,0.0012558338067302222,0.017802441630723233,0.0018423183467049414,0.0013406781078511747,0.10404709774456125,0.01651040393845298,0.12171080734571516,0.13571577573274307,0.19835195593142535,0.2047261088082105,0.18726670276876783,0.0350003980676445
