,"Specific conductance, water, unfiltered, microsiemens per centimeter at 25 degrees Celsius (Maximum)","pH, water, unfiltered, field, standard units (Maximum)","pH, water, unfiltered, field, standard units (Minimum)","Specific conductance, water, unfiltered, microsiemens per centimeter at 25 degrees Celsius (Minimum)","Specific conductance, water, unfiltered, microsiemens per centimeter at 25 degrees Celsius (Mean)","Dissolved oxygen, water, unfiltered, milligrams per liter (Maximum)","Dissolved oxygen, water, unfiltered, milligrams per liter (Mean)","Dissolved oxygen, water, unfiltered, milligrams per liter (Minimum)","Temperature, water, degrees Celsius (Mean)","Temperature, water, degrees Celsius (Minimum)","Temperature, water, degrees Celsius (Maximum)",Water Quality
count,705.0,705.0,705.0,705.0,705.0,705.0,705.0,705.0,705.0,705.0,705.0,705.0
mean,0.004375402651625122,0.887288597926896,0.0034458052919784307,0.003850205008865248,0.5987215378872714,0.8601453035806955,0.5931442080378252,0.5362819009325962,0.5654742907801419,0.523917985088198,0.5836219693221177,0.6721302863146835
min,0.0017933723196881092,0.4102564102564103,0.0006286836935166994,0.00142578125,0.32894736842105265,0.8048780487804879,0.31818181818181823,0.03937007874015748,0.09375,0.04166666666666667,0.13372093023255813,0.6203703703703703
25%,0.0037621832358674463,0.8717948717948718,0.0027701375245579567,0.00341796875,0.5065789473684211,0.8414634146341464,0.5075757575757576,0.4566929133858268,0.4,0.3557692307692308,0.4273255813953488,0.6481481481481481
50%,0.004152046783625731,0.8974358974358975,0.0036345776031434184,0.00384765625,0.5855263157894738,0.853658536585366,0.5681818181818182,0.5118110236220472,0.584375,0.5352564102564102,0.6046511627906977,0.6666666666666666
75%,0.004658869395711501,0.9102564102564102,0.004165029469548134,0.004296875,0.6842105263157895,0.878048780487805,0.6742424242424243,0.6220472440944883,0.7375,0.7019230769230769,0.747093023255814,0.6851851851851851
max,0.02553606237816764,0.9487179487179488,0.005599214145383104,0.0060546875,0.9276315789473685,0.9634146341463415,0.9015151515151516,0.9055118110236221,0.85,0.8205128205128206,0.8575581395348838,1.0
std,0.0016162102410724637,0.0510912757003338,0.0010836311664826571,0.000777125479750342,0.11721142816466261,0.02340699251984168,0.1099369985068875,0.13600554636610077,0.19073762654001558,0.19516423470763378,0.18038448909877855,0.03663125128408314
