,"Specific conductance, water, unfiltered, microsiemens per centimeter at 25 degrees Celsius (Maximum)","pH, water, unfiltered, field, standard units (Maximum)","pH, water, unfiltered, field, standard units (Minimum)","Specific conductance, water, unfiltered, microsiemens per centimeter at 25 degrees Celsius (Minimum)","Specific conductance, water, unfiltered, microsiemens per centimeter at 25 degrees Celsius (Mean)","Dissolved oxygen, water, unfiltered, milligrams per liter (Maximum)","Dissolved oxygen, water, unfiltered, milligrams per liter (Mean)","Dissolved oxygen, water, unfiltered, milligrams per liter (Minimum)","Temperature, water, degrees Celsius (Mean)","Temperature, water, degrees Celsius (Minimum)","Temperature, water, degrees Celsius (Maximum)",Water Quality
count,705.0,705.0,705.0,705.0,705.0,705.0,705.0,705.0,705.0,705.0,705.0,705.0
mean,0.0019489306402333652,0.863502454991817,0.001623570065069877,0.0017868184840425533,0.5838652482269504,0.8303407714928215,0.642983021706426,0.6397274808734015,0.5301994680851063,0.5064602655028188,0.5345785914563747,0.63849487785658
min,0.0010331384015594542,0.7692307692307693,0.00033398821218074657,0.0008203125,0.46052631578947373,0.7560975609756099,0.5075757575757576,0.33858267716535434,0.10625,0.07051282051282053,0.12209302325581396,0.6018518518518519
25%,0.0018128654970760234,0.8461538461538461,0.0014341846758349705,0.00162109375,0.5131578947368421,0.8292682926829269,0.5681818181818182,0.5669291338582677,0.39375,0.358974358974359,0.4069767441860465,0.6296296296296295
50%,0.0019103313840155946,0.8717948717948718,0.0018271119842829078,0.00185546875,0.5723684210526315,0.8292682926829269,0.6287878787878789,0.6220472440944883,0.546875,0.5288461538461539,0.5523255813953488,0.6388888888888888
75%,0.0019688109161793373,0.8717948717948718,0.001925343811394892,0.00193359375,0.638157894736842,0.8414634146341464,0.7045454545454546,0.7086614173228347,0.684375,0.6730769230769231,0.6744186046511628,0.6481481481481481
max,0.010584795321637426,0.8974358974358975,0.00481335952848723,0.00712890625,0.8092105263157896,0.853658536585366,0.9015151515151516,0.8976377952755906,0.784375,0.7884615384615385,0.7819767441860465,0.6666666666666666
std,0.000823156621763667,0.022420570642872523,0.0004598872632666727,0.0004398007606510004,0.07717171250406069,0.015122489871557234,0.08717161737822465,0.08812243613302198,0.16871281286037731,0.1767245530710095,0.15949104584229562,0.010226253745997445
