,"Specific conductance, water, unfiltered, microsiemens per centimeter at 25 degrees Celsius (Maximum)","pH, water, unfiltered, field, standard units (Maximum)","pH, water, unfiltered, field, standard units (Minimum)","Specific conductance, water, unfiltered, microsiemens per centimeter at 25 degrees Celsius (Minimum)","Specific conductance, water, unfiltered, microsiemens per centimeter at 25 degrees Celsius (Mean)","Dissolved oxygen, water, unfiltered, milligrams per liter (Maximum)","Dissolved oxygen, water, unfiltered, milligrams per liter (Mean)","Dissolved oxygen, water, unfiltered, milligrams per liter (Minimum)","Temperature, water, degrees Celsius (Mean)","Temperature, water, degrees Celsius (Minimum)","Temperature, water, degrees Celsius (Maximum)",Water Quality
count,705.0,705.0,705.0,705.0,705.0,705.0,705.0,705.0,705.0,705.0,705.0,705.0
mean,0.0034907994967718742,0.8880523731587563,0.001900346946453204,0.0021187389184397164,0.5184957073534902,0.8520844144611659,0.5776810659789383,0.5731948400067013,0.6646010638297873,0.6705128205128205,0.6295893122216725,0.6524954032046231
min,0.0010721247563352826,0.7948717948717949,0.0010609037328094303,0.0010546875,0.3486842105263158,0.7682926829268293,0.3787878787878788,0.3622047244094488,0.259375,0.25,0.25290697674418605,0.5925925925925926
25%,0.0018323586744639377,0.8717948717948718,0.0017288801571709233,0.00177734375,0.46052631578947373,0.8414634146341464,0.5,0.4881889763779528,0.48125,0.48717948717948717,0.4593023255813954,0.6481481481481481
50%,0.0020857699805068228,0.8974358974358975,0.001925343811394892,0.00197265625,0.5065789473684211,0.853658536585366,0.5681818181818182,0.5590551181102362,0.684375,0.6923076923076924,0.6453488372093024,0.6574074074074073
75%,0.002378167641325536,0.9102564102564102,0.002082514734774067,0.00216796875,0.5855263157894738,0.8658536585365854,0.6590909090909091,0.6614173228346457,0.84375,0.8525641025641026,0.7965116279069767,0.6666666666666666
max,0.35477582846003897,0.9358974358974359,0.005579567779960708,0.0390625,0.7105263157894738,0.8902439024390244,0.8030303030303031,0.8267716535433072,0.953125,0.967948717948718,0.8953488372093024,0.6851851851851851
std,0.015618221203923225,0.023898836511864644,0.00037953382017791174,0.0018758436605018263,0.07827709211026776,0.022201423351540295,0.09413986946242954,0.10460914684090314,0.19468290964036866,0.19919903147578594,0.18133210373720254,0.017201122838744056
